"땐데긍뵀","깃痙","송목","뭔찜鑒좆","棍꼬溝固긍뵀","틔橄昑","敬꽜斤口","구鬧","땐데榴檄","소긍쯤"
"302022931234567","퉤아600ml*12틸陋","100.00","1","","","","","슥弄냥묘",""
"302022931234567","퉤아쒔듕뉼攣355ml*12틸","19.00","1","","","","","슥弄냥묘",""
"302022931234568","퉤아쒔듕뉼攣500ml*18桂받陋","199.00","1","TC-1510763123456","","","","슥弄밑균","TC-1510763123456"
"302022931234569","퉤아쑹쿨798ml*1틸","319.00","3","","","","","된덤찜소마운",""
"302022931234570","퉤아500ml*18桂받陋憐芎鬼찝아","514.00","1","TC-1510763128171","","","","슥弄냥묘","TC-1510763123456"
"302022931234571","퉤아500ml*12틸","199.00","1","","","","","슥弄밑균",""
"302022931234572","퉤아330ml*24桂 받陋鬼찝坎퉤아","258.00","1","","","","鬧雷렝떨，怜唐櫓繫，錟漣콘돕！","된덤찜소마운",""
"302022931234572","퉤아330ml*12桂 받陋뼝퉤鬼찝坎퉤아","129.00","1","","","","","된덤찜소마운",""
"302022931234569","쒔듕뉼攣퉤아330ml*24桂 받陋뼝퉤鬼찝坎퉤아","258.00","1","","","","","된덤찜소마운",""
